{"cameraMode":{"drawMode":0,"name":"Shaded","section":"Shading Mode"},"sceneLighting":false,"audioPlay":false,"sceneViewState":{"showFog":true,"showMaterialUpdate":false,"showSkybox":false,"showFlares":true,"showImageEffects":true,"showParticleSystems":true},"in2DMode":false,"pivot":{"x":0.0774688869714737,"y":0.015300627797842026,"z":-0.013149356469511986},"rotation":{"x":0.016293823719024659,"y":0.9757878184318543,"z":-0.07804267108440399,"w":0.20370224118232728},"size":0.023324839770793916,"orthographic":false}